<?xml version="1.0"?>
<doc>
    <assembly>
        <name>Azure.Bicep.Decompiler</name>
    </assembly>
    <members>
        <member name="M:Bicep.Decompiler.TemplateConverter.ProcessUnnamedCopySyntax``1(``0,System.String,System.Func{``0,Bicep.Core.Syntax.SyntaxBase},Newtonsoft.Json.Linq.JToken)">
            <summary>
            Used to generate a for-expression for a copy loop, where the copyIndex does not accept a 'name' parameter.
            </summary>
        </member>
        <member name="M:Bicep.Decompiler.TemplateConverter.ProcessNamedCopySyntax``1(``0,System.String,System.Func{``0,Bicep.Core.Syntax.SyntaxBase},Newtonsoft.Json.Linq.JToken,System.String)">
            <summary>
            Used to generate a for-expression for a copy loop, where the copyIndex requires a 'name' parameter.
            </summary>
        </member>
        <member name="T:Bicep.Core.Decompiler.Rewriters.ForExpressionSimplifierRewriter">
             <summary>
             Looks for syntax of form (commonly generated by the decompiler):
               for {index} in range(0, length({array}))
             Where elements are being accessed via:
               {array}[{index}]
            
             Rewrites this syntax instead to:
               for {item} in {array}
             Where elements are accessed via:
               {item}
             </summary>
        </member>
    </members>
</doc>
