<?xml version="1.0"?>
<doc>
    <assembly>
        <name>bicep</name>
    </assembly>
    <members>
        <member name="T:Bicep.Cli.CliResources">
            <summary>
              A strongly-typed resource class, for looking up localized strings, etc.
            </summary>
        </member>
        <member name="P:Bicep.Cli.CliResources.ResourceManager">
            <summary>
              Returns the cached ResourceManager instance used by this class.
            </summary>
        </member>
        <member name="P:Bicep.Cli.CliResources.Culture">
            <summary>
              Overrides the current thread's CurrentUICulture property for all
              resource lookups using this strongly typed resource class.
            </summary>
        </member>
        <member name="P:Bicep.Cli.CliResources.DecompilationFailedFormat">
            <summary>
              Looks up a localized string similar to {0}: Decompilation failed with fatal error &quot;{1}&quot;.
            </summary>
        </member>
        <member name="P:Bicep.Cli.CliResources.DecompilerDisclaimerMessage">
             <summary>
               Looks up a localized string similar to WARNING: Decompilation is a best-effort process, as there is no guaranteed mapping from ARM JSON to Bicep.
            You may need to fix warnings and errors in the generated bicep file(s), or decompilation may fail entirely if an accurate conversion is not possible.
            If you would like to report any issues or inaccurate conversions, please see https://github.com/Azure/bicep/issues..
             </summary>
        </member>
        <member name="P:Bicep.Cli.CliResources.DirectoryDoesNotExistFormat">
            <summary>
              Looks up a localized string similar to The specified output directory &quot;{0}&quot; does not exist..
            </summary>
        </member>
        <member name="P:Bicep.Cli.CliResources.ResourceTypesDisclaimerMessage">
            <summary>
              Looks up a localized string similar to WARNING: Resource-typed parameters and outputs in ARM are experimental, and should be enabled for testing purposes only. Do not enable this setting for any production usage, or you may be unexpectedly broken at any time!.
            </summary>
        </member>
        <member name="P:Bicep.Cli.CliResources.SymbolicNamesDisclaimerMessage">
            <summary>
              Looks up a localized string similar to WARNING: Symbolic name support in ARM is experimental, and should be enabled for testing purposes only. Do not enable this setting for any production usage, or you may be unexpectedly broken at any time!.
            </summary>
        </member>
        <member name="P:Bicep.Cli.CliResources.UnrecognizedArgumentsFormat">
            <summary>
              Looks up a localized string similar to Unrecognized arguments &quot;{0}&quot; specified. Use &quot;{1} --help&quot; to view available options..
            </summary>
        </member>
        <member name="P:Bicep.Cli.CliResources.UnrecognizedFileExtensionMessage">
            <summary>
              Looks up a localized string similar to The specified input &quot;{0}&quot; was not recognized as a bicep file. Bicep files must use the .bicep extension..
            </summary>
        </member>
        <member name="T:Bicep.Cli.Helpers.ServiceCollectionExtensions">
            <summary>
            Contains the collection extensions for adding the CLI commands and configuration of those commands.
            </summary>
        </member>
        <member name="M:Bicep.Cli.Helpers.ServiceCollectionExtensions.AddCommands(Microsoft.Extensions.DependencyInjection.IServiceCollection)">
             <summary>
             Adds the CLI commands to the DI container. These are resolved when the commands are registered with the
             <c>CommandLineBuilder</c>.
             </summary>
             <param name="services">The service collection to add to.</param>
             <returns>The service collection, for chaining.</returns>
             <remarks>
             We are using convention to register the commands; essentially everything in the same namespace as the
             <see cref="T:Bicep.Cli.Commands.BuildCommand"/> and that implements <see cref="T:Bicep.Cli.Commands.ICommand"/> will be registered.
            
             See https://endjin.com/blog/2020/09/simple-pattern-for-using-system-commandline-with-dependency-injection for reference.
             </remarks>
        </member>
        <member name="T:Bicep.Cli.Logging.BicepConsoleLogger">
            <summary>
            Writes messages to the console.
            </summary>
            <remarks>The built-in dotnet ConsoleLogger class does not write messages in the format we needed for a compiler and does not allow customization.</remarks>
        </member>
        <member name="T:Bicep.Cli.Logging.BicepDiagnosticLogger">
            <summary>
            Wraps a dotnet logger and keeps track of error history.
            </summary>
        </member>
        <member name="T:Bicep.Cli.Logging.BicepLoggerProvider">
            <summary>
            Logger provider for writing log entries in an msbuild compatible format.
            </summary>
        </member>
        <member name="T:Bicep.Cli.Services.ParametersWriter">
            <summary>
            Generates a Bicep param file from a JSON parameter file.
            </summary>
        </member>
        <member name="T:Bicep.Cli.Services.PlaceholderParametersWriter">
            <summary>
            Generates a JSON parameter file from a Bicep file.
            </summary>
        </member>
    </members>
</doc>
